EM1642887410,EM1642887410,2022-01-22 23:36:52
EM1642887412,EM1642887412,2022-01-22 23:36:55
EM1642887415,EM1642887415,2022-01-22 23:36:57
EM1642887860,EM1642887860,2022-01-22 23:44:22
EM1642887862,EM1642887862,2022-01-22 23:44:24
EM1642887864,EM1642887864,2022-01-22 23:44:27
EM1642889080,EM1642889080,2022-01-23 00:04:43
EM1642889083,EM1642889083,2022-01-23 00:04:45
EM1642889085,EM1642889085,2022-01-23 00:04:47
EM1642890370,EM1642890370,2022-01-23 00:26:13
EM1642890373,EM1642890373,2022-01-23 00:26:15
EM1642890375,EM1642890375,2022-01-23 00:26:18
